EmployeeID,Name,DepartmentID,Salary,JoinDate
1,Employee_1,7,108411,2018-01-01
2,Employee_2,4,31622,2018-01-02
3,Employee_3,8,78756,2018-01-03
4,Employee_4,5,70809,2018-01-04
5,Employee_5,7,46725,2018-01-05
6,Employee_6,10,91396,2018-01-06
7,Employee_7,3,81226,2018-01-07
8,Employee_8,7,111182,2018-01-08
9,Employee_9,8,112565,2018-01-09
10,Employee_10,5,59402,2018-01-10
11,Employee_11,4,34263,2018-01-11
12,Employee_12,8,76828,2018-01-12
13,Employee_13,8,77924,2018-01-13
14,Employee_14,3,104182,2018-01-14
15,Employee_15,6,89052,2018-01-15
16,Employee_16,5,41664,2018-01-16
17,Employee_17,2,65737,2018-01-17
18,Employee_18,8,119563,2018-01-18
19,Employee_19,6,59373,2018-01-19
20,Employee_20,2,66397,2018-01-20
21,Employee_21,5,116145,2018-01-21
22,Employee_22,1,68709,2018-01-22
23,Employee_23,10,91120,2018-01-23
24,Employee_24,6,49250,2018-01-24
25,Employee_25,9,51172,2018-01-25
26,Employee_26,1,41555,2018-01-26
27,Employee_27,10,117410,2018-01-27
28,Employee_28,3,108617,2018-01-28
29,Employee_29,7,83276,2018-01-29
30,Employee_30,4,87492,2018-01-30
31,Employee_31,9,83002,2018-01-31
32,Employee_32,3,119599,2018-02-01
33,Employee_33,5,102355,2018-02-02
34,Employee_34,3,54762,2018-02-03
35,Employee_35,7,41046,2018-02-04
36,Employee_36,5,58769,2018-02-05
37,Employee_37,9,83302,2018-02-06
38,Employee_38,7,53150,2018-02-07
39,Employee_39,2,98247,2018-02-08
40,Employee_40,4,34853,2018-02-09
41,Employee_41,9,119399,2018-02-10
42,Employee_42,2,51792,2018-02-11
43,Employee_43,10,89129,2018-02-12
44,Employee_44,9,104478,2018-02-13
45,Employee_45,10,97298,2018-02-14
46,Employee_46,5,61987,2018-02-15
47,Employee_47,2,45850,2018-02-16
48,Employee_48,4,42112,2018-02-17
49,Employee_49,7,54058,2018-02-18
50,Employee_50,8,75420,2018-02-19
51,Employee_51,3,68890,2018-02-20
52,Employee_52,1,96017,2018-02-21
53,Employee_53,4,77304,2018-02-22
54,Employee_54,2,62921,2018-02-23
55,Employee_55,8,31524,2018-02-24
56,Employee_56,4,45048,2018-02-25
57,Employee_57,2,65111,2018-02-26
58,Employee_58,6,67904,2018-02-27
59,Employee_59,6,84912,2018-02-28
60,Employee_60,10,64008,2018-03-01
61,Employee_61,4,30060,2018-03-02
62,Employee_62,6,104666,2018-03-03
63,Employee_63,2,113559,2018-03-04
64,Employee_64,10,85337,2018-03-05
65,Employee_65,2,43350,2018-03-06
66,Employee_66,10,54354,2018-03-07
67,Employee_67,4,75186,2018-03-08
68,Employee_68,8,58145,2018-03-09
69,Employee_69,7,64020,2018-03-10
70,Employee_70,9,116123,2018-03-11
71,Employee_71,8,105186,2018-03-12
72,Employee_72,5,115469,2018-03-13
73,Employee_73,2,50581,2018-03-14
74,Employee_74,5,118929,2018-03-15
75,Employee_75,8,53051,2018-03-16
76,Employee_76,10,81474,2018-03-17
77,Employee_77,9,99626,2018-03-18
78,Employee_78,9,36960,2018-03-19
79,Employee_79,1,65772,2018-03-20
80,Employee_80,9,51520,2018-03-21
81,Employee_81,7,79481,2018-03-22
82,Employee_82,9,66408,2018-03-23
83,Employee_83,8,87134,2018-03-24
84,Employee_84,1,50491,2018-03-25
85,Employee_85,8,31341,2018-03-26
86,Employee_86,8,74623,2018-03-27
87,Employee_87,3,30338,2018-03-28
88,Employee_88,1,101431,2018-03-29
89,Employee_89,8,42254,2018-03-30
90,Employee_90,3,81860,2018-03-31
91,Employee_91,3,41344,2018-04-01
92,Employee_92,1,31750,2018-04-02
93,Employee_93,5,84756,2018-04-03
94,Employee_94,10,97957,2018-04-04
95,Employee_95,7,88053,2018-04-05
96,Employee_96,10,100855,2018-04-06
97,Employee_97,9,45896,2018-04-07
98,Employee_98,7,85761,2018-04-08
99,Employee_99,9,92552,2018-04-09
100,Employee_100,8,107454,2018-04-10
101,Employee_101,2,57935,2018-04-11
102,Employee_102,1,67641,2018-04-12
103,Employee_103,7,59711,2018-04-13
104,Employee_104,7,100342,2018-04-14
105,Employee_105,8,42182,2018-04-15
106,Employee_106,5,117833,2018-04-16
107,Employee_107,3,86276,2018-04-17
108,Employee_108,8,49541,2018-04-18
109,Employee_109,6,112310,2018-04-19
110,Employee_110,3,74813,2018-04-20
111,Employee_111,1,67198,2018-04-21
112,Employee_112,3,38820,2018-04-22
113,Employee_113,5,54070,2018-04-23
114,Employee_114,3,99768,2018-04-24
115,Employee_115,1,41122,2018-04-25
116,Employee_116,5,110559,2018-04-26
117,Employee_117,10,103543,2018-04-27
118,Employee_118,7,113441,2018-04-28
119,Employee_119,7,71786,2018-04-29
120,Employee_120,9,36737,2018-04-30
121,Employee_121,10,66062,2018-05-01
122,Employee_122,10,84237,2018-05-02
123,Employee_123,3,81571,2018-05-03
124,Employee_124,7,55510,2018-05-04
125,Employee_125,1,49426,2018-05-05
126,Employee_126,4,67265,2018-05-06
127,Employee_127,4,47850,2018-05-07
128,Employee_128,5,96150,2018-05-08
129,Employee_129,7,117312,2018-05-09
130,Employee_130,7,119613,2018-05-10
131,Employee_131,4,104910,2018-05-11
132,Employee_132,7,82375,2018-05-12
133,Employee_133,3,65435,2018-05-13
134,Employee_134,6,87132,2018-05-14
135,Employee_135,2,108945,2018-05-15
136,Employee_136,10,112050,2018-05-16
137,Employee_137,9,32983,2018-05-17
138,Employee_138,5,50662,2018-05-18
139,Employee_139,6,53510,2018-05-19
140,Employee_140,4,108187,2018-05-20
141,Employee_141,10,70998,2018-05-21
142,Employee_142,7,86846,2018-05-22
143,Employee_143,9,36640,2018-05-23
144,Employee_144,7,74547,2018-05-24
145,Employee_145,1,84620,2018-05-25
146,Employee_146,1,45317,2018-05-26
147,Employee_147,9,37564,2018-05-27
148,Employee_148,9,57345,2018-05-28
149,Employee_149,4,109273,2018-05-29
150,Employee_150,9,104859,2018-05-30
151,Employee_151,3,110765,2018-05-31
152,Employee_152,7,104038,2018-06-01
153,Employee_153,6,82393,2018-06-02
154,Employee_154,8,96081,2018-06-03
155,Employee_155,9,59430,2018-06-04
156,Employee_156,5,105532,2018-06-05
157,Employee_157,1,57788,2018-06-06
158,Employee_158,3,78543,2018-06-07
159,Employee_159,10,43919,2018-06-08
160,Employee_160,8,99346,2018-06-09
161,Employee_161,6,69974,2018-06-10
162,Employee_162,8,46371,2018-06-11
163,Employee_163,9,75084,2018-06-12
164,Employee_164,4,59629,2018-06-13
165,Employee_165,1,81184,2018-06-14
166,Employee_166,1,91916,2018-06-15
167,Employee_167,10,103972,2018-06-16
168,Employee_168,4,92187,2018-06-17
169,Employee_169,7,42984,2018-06-18
170,Employee_170,2,63039,2018-06-19
171,Employee_171,3,115431,2018-06-20
172,Employee_172,1,113691,2018-06-21
173,Employee_173,5,88606,2018-06-22
174,Employee_174,1,40616,2018-06-23
175,Employee_175,8,80072,2018-06-24
176,Employee_176,1,54574,2018-06-25
177,Employee_177,1,33430,2018-06-26
178,Employee_178,2,42676,2018-06-27
179,Employee_179,2,40816,2018-06-28
180,Employee_180,6,62733,2018-06-29
181,Employee_181,7,115680,2018-06-30
182,Employee_182,5,32050,2018-07-01
183,Employee_183,1,63933,2018-07-02
184,Employee_184,1,54951,2018-07-03
185,Employee_185,3,62413,2018-07-04
186,Employee_186,2,64801,2018-07-05
187,Employee_187,5,85619,2018-07-06
188,Employee_188,10,62913,2018-07-07
189,Employee_189,6,70600,2018-07-08
190,Employee_190,7,87775,2018-07-09
191,Employee_191,4,65400,2018-07-10
192,Employee_192,7,34494,2018-07-11
193,Employee_193,8,110688,2018-07-12
194,Employee_194,1,119431,2018-07-13
195,Employee_195,6,104691,2018-07-14
196,Employee_196,8,73001,2018-07-15
197,Employee_197,5,97364,2018-07-16
198,Employee_198,4,75028,2018-07-17
199,Employee_199,2,67573,2018-07-18
200,Employee_200,6,30806,2018-07-19
201,Employee_201,6,86638,2018-07-20
202,Employee_202,1,59757,2018-07-21
203,Employee_203,9,64636,2018-07-22
204,Employee_204,6,110097,2018-07-23
205,Employee_205,3,78280,2018-07-24
206,Employee_206,4,54262,2018-07-25
207,Employee_207,4,110435,2018-07-26
208,Employee_208,3,92211,2018-07-27
209,Employee_209,10,84842,2018-07-28
210,Employee_210,3,86979,2018-07-29
211,Employee_211,3,111470,2018-07-30
212,Employee_212,4,68197,2018-07-31
213,Employee_213,7,71844,2018-08-01
214,Employee_214,4,94754,2018-08-02
215,Employee_215,9,64157,2018-08-03
216,Employee_216,1,107129,2018-08-04
217,Employee_217,8,70042,2018-08-05
218,Employee_218,7,91665,2018-08-06
219,Employee_219,2,112856,2018-08-07
220,Employee_220,8,57376,2018-08-08
221,Employee_221,1,85554,2018-08-09
222,Employee_222,9,44199,2018-08-10
223,Employee_223,9,111412,2018-08-11
224,Employee_224,2,80948,2018-08-12
225,Employee_225,7,103781,2018-08-13
226,Employee_226,10,102750,2018-08-14
227,Employee_227,3,96262,2018-08-15
228,Employee_228,7,76600,2018-08-16
229,Employee_229,10,106898,2018-08-17
230,Employee_230,9,92483,2018-08-18
231,Employee_231,4,48297,2018-08-19
232,Employee_232,1,60448,2018-08-20
233,Employee_233,2,56172,2018-08-21
234,Employee_234,1,72874,2018-08-22
235,Employee_235,5,37657,2018-08-23
236,Employee_236,5,114386,2018-08-24
237,Employee_237,7,55425,2018-08-25
238,Employee_238,9,56685,2018-08-26
239,Employee_239,9,54578,2018-08-27
240,Employee_240,3,58831,2018-08-28
241,Employee_241,3,37906,2018-08-29
242,Employee_242,3,91413,2018-08-30
243,Employee_243,4,84028,2018-08-31
244,Employee_244,8,37287,2018-09-01
245,Employee_245,6,63660,2018-09-02
246,Employee_246,8,105758,2018-09-03
247,Employee_247,1,90504,2018-09-04
248,Employee_248,8,89720,2018-09-05
249,Employee_249,4,64701,2018-09-06
250,Employee_250,1,113300,2018-09-07
251,Employee_251,8,47674,2018-09-08
252,Employee_252,4,113560,2018-09-09
253,Employee_253,6,53874,2018-09-10
254,Employee_254,8,73642,2018-09-11
255,Employee_255,4,95160,2018-09-12
256,Employee_256,3,47602,2018-09-13
257,Employee_257,9,118801,2018-09-14
258,Employee_258,3,55931,2018-09-15
259,Employee_259,9,59192,2018-09-16
260,Employee_260,2,76542,2018-09-17
261,Employee_261,2,72520,2018-09-18
262,Employee_262,2,94772,2018-09-19
263,Employee_263,6,88762,2018-09-20
264,Employee_264,3,80106,2018-09-21
265,Employee_265,9,111121,2018-09-22
266,Employee_266,4,55559,2018-09-23
267,Employee_267,1,63742,2018-09-24
268,Employee_268,4,99669,2018-09-25
269,Employee_269,1,110199,2018-09-26
270,Employee_270,5,51754,2018-09-27
271,Employee_271,4,33972,2018-09-28
272,Employee_272,8,100831,2018-09-29
273,Employee_273,8,71873,2018-09-30
274,Employee_274,7,39903,2018-10-01
275,Employee_275,3,33020,2018-10-02
276,Employee_276,1,71755,2018-10-03
277,Employee_277,1,115956,2018-10-04
278,Employee_278,3,116988,2018-10-05
279,Employee_279,6,75648,2018-10-06
280,Employee_280,7,39516,2018-10-07
281,Employee_281,6,32396,2018-10-08
282,Employee_282,6,114082,2018-10-09
283,Employee_283,6,49129,2018-10-10
284,Employee_284,3,31591,2018-10-11
285,Employee_285,6,41303,2018-10-12
286,Employee_286,8,60561,2018-10-13
287,Employee_287,2,101719,2018-10-14
288,Employee_288,5,116231,2018-10-15
289,Employee_289,1,37314,2018-10-16
290,Employee_290,1,49623,2018-10-17
291,Employee_291,5,97675,2018-10-18
292,Employee_292,3,95082,2018-10-19
293,Employee_293,4,113624,2018-10-20
294,Employee_294,3,63130,2018-10-21
295,Employee_295,1,81756,2018-10-22
296,Employee_296,1,56292,2018-10-23
297,Employee_297,5,116206,2018-10-24
298,Employee_298,6,99274,2018-10-25
299,Employee_299,3,32469,2018-10-26
300,Employee_300,9,83947,2018-10-27
301,Employee_301,5,52534,2018-10-28
302,Employee_302,8,93620,2018-10-29
303,Employee_303,1,78874,2018-10-30
304,Employee_304,5,79708,2018-10-31
305,Employee_305,3,104553,2018-11-01
306,Employee_306,1,98344,2018-11-02
307,Employee_307,4,79138,2018-11-03
308,Employee_308,5,84302,2018-11-04
309,Employee_309,7,77638,2018-11-05
310,Employee_310,1,108249,2018-11-06
311,Employee_311,3,32719,2018-11-07
312,Employee_312,2,52890,2018-11-08
313,Employee_313,9,107236,2018-11-09
314,Employee_314,10,66509,2018-11-10
315,Employee_315,6,72534,2018-11-11
316,Employee_316,10,48787,2018-11-12
317,Employee_317,3,78845,2018-11-13
318,Employee_318,8,87932,2018-11-14
319,Employee_319,8,63062,2018-11-15
320,Employee_320,2,105713,2018-11-16
321,Employee_321,6,117263,2018-11-17
322,Employee_322,7,90461,2018-11-18
323,Employee_323,2,105418,2018-11-19
324,Employee_324,10,96672,2018-11-20
325,Employee_325,2,64832,2018-11-21
326,Employee_326,10,61966,2018-11-22
327,Employee_327,1,102545,2018-11-23
328,Employee_328,8,42987,2018-11-24
329,Employee_329,1,67311,2018-11-25
330,Employee_330,9,61575,2018-11-26
331,Employee_331,6,93852,2018-11-27
332,Employee_332,7,31007,2018-11-28
333,Employee_333,10,100981,2018-11-29
334,Employee_334,7,106242,2018-11-30
335,Employee_335,10,77517,2018-12-01
336,Employee_336,3,59257,2018-12-02
337,Employee_337,2,117272,2018-12-03
338,Employee_338,9,72207,2018-12-04
339,Employee_339,8,43281,2018-12-05
340,Employee_340,10,91246,2018-12-06
341,Employee_341,7,31435,2018-12-07
342,Employee_342,9,56660,2018-12-08
343,Employee_343,4,35084,2018-12-09
344,Employee_344,4,112197,2018-12-10
345,Employee_345,1,43507,2018-12-11
346,Employee_346,8,102595,2018-12-12
347,Employee_347,3,113807,2018-12-13
348,Employee_348,7,75539,2018-12-14
349,Employee_349,2,37491,2018-12-15
350,Employee_350,2,80192,2018-12-16
351,Employee_351,7,110395,2018-12-17
352,Employee_352,6,93888,2018-12-18
353,Employee_353,3,103609,2018-12-19
354,Employee_354,9,39077,2018-12-20
355,Employee_355,10,50953,2018-12-21
356,Employee_356,6,106919,2018-12-22
357,Employee_357,10,97889,2018-12-23
358,Employee_358,10,53821,2018-12-24
359,Employee_359,6,67567,2018-12-25
360,Employee_360,1,54860,2018-12-26
361,Employee_361,4,51195,2018-12-27
362,Employee_362,10,107475,2018-12-28
363,Employee_363,6,117266,2018-12-29
364,Employee_364,6,51427,2018-12-30
365,Employee_365,5,57083,2018-12-31
366,Employee_366,1,117046,2019-01-01
367,Employee_367,8,87372,2019-01-02
368,Employee_368,5,74064,2019-01-03
369,Employee_369,5,37813,2019-01-04
370,Employee_370,7,61598,2019-01-05
371,Employee_371,4,57082,2019-01-06
372,Employee_372,6,59241,2019-01-07
373,Employee_373,4,74569,2019-01-08
374,Employee_374,3,41745,2019-01-09
375,Employee_375,7,56029,2019-01-10
376,Employee_376,8,43025,2019-01-11
377,Employee_377,4,44288,2019-01-12
378,Employee_378,2,119186,2019-01-13
379,Employee_379,10,36540,2019-01-14
380,Employee_380,3,111958,2019-01-15
381,Employee_381,1,98878,2019-01-16
382,Employee_382,8,71846,2019-01-17
383,Employee_383,3,105932,2019-01-18
384,Employee_384,10,47482,2019-01-19
385,Employee_385,7,53411,2019-01-20
386,Employee_386,10,80975,2019-01-21
387,Employee_387,5,90545,2019-01-22
388,Employee_388,10,108797,2019-01-23
389,Employee_389,5,82307,2019-01-24
390,Employee_390,7,33093,2019-01-25
391,Employee_391,9,107258,2019-01-26
392,Employee_392,5,52042,2019-01-27
393,Employee_393,1,82930,2019-01-28
394,Employee_394,10,74413,2019-01-29
395,Employee_395,10,63756,2019-01-30
396,Employee_396,1,83268,2019-01-31
397,Employee_397,2,69214,2019-02-01
398,Employee_398,6,111871,2019-02-02
399,Employee_399,9,58602,2019-02-03
400,Employee_400,8,83331,2019-02-04
401,Employee_401,5,78901,2019-02-05
402,Employee_402,1,93416,2019-02-06
403,Employee_403,7,62196,2019-02-07
404,Employee_404,5,35626,2019-02-08
405,Employee_405,6,37424,2019-02-09
406,Employee_406,7,42857,2019-02-10
407,Employee_407,3,49982,2019-02-11
408,Employee_408,10,106961,2019-02-12
409,Employee_409,3,31980,2019-02-13
410,Employee_410,5,78290,2019-02-14
411,Employee_411,6,56431,2019-02-15
412,Employee_412,9,114976,2019-02-16
413,Employee_413,5,112711,2019-02-17
414,Employee_414,1,56385,2019-02-18
415,Employee_415,4,68158,2019-02-19
416,Employee_416,5,53019,2019-02-20
417,Employee_417,10,48639,2019-02-21
418,Employee_418,10,115530,2019-02-22
419,Employee_419,5,51563,2019-02-23
420,Employee_420,7,69341,2019-02-24
421,Employee_421,4,35776,2019-02-25
422,Employee_422,1,66444,2019-02-26
423,Employee_423,5,98916,2019-02-27
424,Employee_424,7,38711,2019-02-28
425,Employee_425,10,104318,2019-03-01
426,Employee_426,10,112970,2019-03-02
427,Employee_427,6,115553,2019-03-03
428,Employee_428,5,60707,2019-03-04
429,Employee_429,4,69110,2019-03-05
430,Employee_430,2,91788,2019-03-06
431,Employee_431,4,112879,2019-03-07
432,Employee_432,10,68827,2019-03-08
433,Employee_433,10,35655,2019-03-09
434,Employee_434,3,74859,2019-03-10
435,Employee_435,10,83625,2019-03-11
436,Employee_436,1,82098,2019-03-12
437,Employee_437,8,45251,2019-03-13
438,Employee_438,5,30526,2019-03-14
439,Employee_439,4,98760,2019-03-15
440,Employee_440,8,77837,2019-03-16
441,Employee_441,7,41536,2019-03-17
442,Employee_442,2,58541,2019-03-18
443,Employee_443,1,109083,2019-03-19
444,Employee_444,4,81027,2019-03-20
445,Employee_445,8,64531,2019-03-21
446,Employee_446,2,38712,2019-03-22
447,Employee_447,3,95455,2019-03-23
448,Employee_448,1,104744,2019-03-24
449,Employee_449,1,35109,2019-03-25
450,Employee_450,3,79268,2019-03-26
451,Employee_451,5,84615,2019-03-27
452,Employee_452,3,112503,2019-03-28
453,Employee_453,1,59759,2019-03-29
454,Employee_454,1,115708,2019-03-30
455,Employee_455,8,90112,2019-03-31
456,Employee_456,10,56589,2019-04-01
457,Employee_457,2,60015,2019-04-02
458,Employee_458,3,59009,2019-04-03
459,Employee_459,2,113309,2019-04-04
460,Employee_460,3,92046,2019-04-05
461,Employee_461,7,56143,2019-04-06
462,Employee_462,1,36154,2019-04-07
463,Employee_463,10,51804,2019-04-08
464,Employee_464,8,71688,2019-04-09
465,Employee_465,10,94288,2019-04-10
466,Employee_466,10,81195,2019-04-11
467,Employee_467,10,50581,2019-04-12
468,Employee_468,2,82648,2019-04-13
469,Employee_469,3,60087,2019-04-14
470,Employee_470,9,79930,2019-04-15
471,Employee_471,7,62981,2019-04-16
472,Employee_472,4,99298,2019-04-17
473,Employee_473,10,76167,2019-04-18
474,Employee_474,5,105304,2019-04-19
475,Employee_475,2,73408,2019-04-20
476,Employee_476,8,69499,2019-04-21
477,Employee_477,4,82269,2019-04-22
478,Employee_478,9,68559,2019-04-23
479,Employee_479,5,104319,2019-04-24
480,Employee_480,9,78787,2019-04-25
481,Employee_481,4,65488,2019-04-26
482,Employee_482,10,104441,2019-04-27
483,Employee_483,5,104663,2019-04-28
484,Employee_484,9,52431,2019-04-29
485,Employee_485,8,91681,2019-04-30
486,Employee_486,3,93483,2019-05-01
487,Employee_487,1,79153,2019-05-02
488,Employee_488,3,36368,2019-05-03
489,Employee_489,4,57424,2019-05-04
490,Employee_490,2,75004,2019-05-05
491,Employee_491,1,113869,2019-05-06
492,Employee_492,7,118652,2019-05-07
493,Employee_493,8,86985,2019-05-08
494,Employee_494,7,80069,2019-05-09
495,Employee_495,5,82326,2019-05-10
496,Employee_496,1,111061,2019-05-11
497,Employee_497,7,53398,2019-05-12
498,Employee_498,7,80861,2019-05-13
499,Employee_499,9,105897,2019-05-14
500,Employee_500,3,111905,2019-05-15
501,Employee_501,9,98577,2019-05-16
502,Employee_502,1,95641,2019-05-17
503,Employee_503,1,39078,2019-05-18
504,Employee_504,4,55003,2019-05-19
505,Employee_505,9,92768,2019-05-20
506,Employee_506,6,81047,2019-05-21
507,Employee_507,3,101626,2019-05-22
508,Employee_508,1,87660,2019-05-23
509,Employee_509,4,79786,2019-05-24
510,Employee_510,9,31925,2019-05-25
511,Employee_511,3,113976,2019-05-26
512,Employee_512,9,56015,2019-05-27
513,Employee_513,7,63320,2019-05-28
514,Employee_514,4,94881,2019-05-29
515,Employee_515,3,56289,2019-05-30
516,Employee_516,10,33389,2019-05-31
517,Employee_517,5,55683,2019-06-01
518,Employee_518,5,43629,2019-06-02
519,Employee_519,3,91550,2019-06-03
520,Employee_520,9,54826,2019-06-04
521,Employee_521,4,56630,2019-06-05
522,Employee_522,5,76163,2019-06-06
523,Employee_523,4,96435,2019-06-07
524,Employee_524,5,41653,2019-06-08
525,Employee_525,7,57961,2019-06-09
526,Employee_526,9,111941,2019-06-10
527,Employee_527,7,104137,2019-06-11
528,Employee_528,5,63662,2019-06-12
529,Employee_529,10,86446,2019-06-13
530,Employee_530,10,51288,2019-06-14
531,Employee_531,7,66877,2019-06-15
532,Employee_532,10,45313,2019-06-16
533,Employee_533,5,110885,2019-06-17
534,Employee_534,3,102715,2019-06-18
535,Employee_535,7,40326,2019-06-19
536,Employee_536,2,31560,2019-06-20
537,Employee_537,9,109148,2019-06-21
538,Employee_538,10,113186,2019-06-22
539,Employee_539,10,56745,2019-06-23
540,Employee_540,1,61890,2019-06-24
541,Employee_541,6,50022,2019-06-25
542,Employee_542,7,82579,2019-06-26
543,Employee_543,8,100316,2019-06-27
544,Employee_544,10,113847,2019-06-28
545,Employee_545,9,58380,2019-06-29
546,Employee_546,2,32356,2019-06-30
547,Employee_547,10,100326,2019-07-01
548,Employee_548,2,119899,2019-07-02
549,Employee_549,5,50049,2019-07-03
550,Employee_550,5,105717,2019-07-04
551,Employee_551,6,46082,2019-07-05
552,Employee_552,3,30661,2019-07-06
553,Employee_553,8,67412,2019-07-07
554,Employee_554,1,32920,2019-07-08
555,Employee_555,6,90315,2019-07-09
556,Employee_556,4,109561,2019-07-10
557,Employee_557,1,38946,2019-07-11
558,Employee_558,7,75500,2019-07-12
559,Employee_559,9,46309,2019-07-13
560,Employee_560,4,85230,2019-07-14
561,Employee_561,4,60027,2019-07-15
562,Employee_562,6,102541,2019-07-16
563,Employee_563,3,89321,2019-07-17
564,Employee_564,6,30956,2019-07-18
565,Employee_565,7,104131,2019-07-19
566,Employee_566,10,77908,2019-07-20
567,Employee_567,10,108339,2019-07-21
568,Employee_568,3,55963,2019-07-22
569,Employee_569,7,69443,2019-07-23
570,Employee_570,3,69063,2019-07-24
571,Employee_571,2,110818,2019-07-25
572,Employee_572,10,34703,2019-07-26
573,Employee_573,4,95128,2019-07-27
574,Employee_574,8,102099,2019-07-28
575,Employee_575,9,55849,2019-07-29
576,Employee_576,7,61860,2019-07-30
577,Employee_577,1,61585,2019-07-31
578,Employee_578,3,52015,2019-08-01
579,Employee_579,9,107539,2019-08-02
580,Employee_580,1,73585,2019-08-03
581,Employee_581,9,56958,2019-08-04
582,Employee_582,8,56017,2019-08-05
583,Employee_583,1,106707,2019-08-06
584,Employee_584,6,75350,2019-08-07
585,Employee_585,5,42201,2019-08-08
586,Employee_586,6,59426,2019-08-09
587,Employee_587,10,47778,2019-08-10
588,Employee_588,5,75241,2019-08-11
589,Employee_589,6,72229,2019-08-12
590,Employee_590,5,116652,2019-08-13
591,Employee_591,5,78364,2019-08-14
592,Employee_592,4,114878,2019-08-15
593,Employee_593,3,87056,2019-08-16
594,Employee_594,3,57490,2019-08-17
595,Employee_595,4,49975,2019-08-18
596,Employee_596,9,56723,2019-08-19
597,Employee_597,2,53279,2019-08-20
598,Employee_598,9,108301,2019-08-21
599,Employee_599,1,41561,2019-08-22
600,Employee_600,1,96061,2019-08-23
601,Employee_601,5,118397,2019-08-24
602,Employee_602,6,79153,2019-08-25
603,Employee_603,6,63142,2019-08-26
604,Employee_604,3,56916,2019-08-27
605,Employee_605,7,94324,2019-08-28
606,Employee_606,9,74965,2019-08-29
607,Employee_607,10,34648,2019-08-30
608,Employee_608,8,65133,2019-08-31
609,Employee_609,6,80677,2019-09-01
610,Employee_610,8,100135,2019-09-02
611,Employee_611,5,65046,2019-09-03
612,Employee_612,8,77064,2019-09-04
613,Employee_613,10,99350,2019-09-05
614,Employee_614,4,75893,2019-09-06
615,Employee_615,10,91272,2019-09-07
616,Employee_616,8,97649,2019-09-08
617,Employee_617,10,94674,2019-09-09
618,Employee_618,2,43760,2019-09-10
619,Employee_619,5,51927,2019-09-11
620,Employee_620,9,116475,2019-09-12
621,Employee_621,4,91367,2019-09-13
622,Employee_622,6,42588,2019-09-14
623,Employee_623,1,82233,2019-09-15
624,Employee_624,9,74738,2019-09-16
625,Employee_625,1,63397,2019-09-17
626,Employee_626,5,112189,2019-09-18
627,Employee_627,4,106367,2019-09-19
628,Employee_628,3,101260,2019-09-20
629,Employee_629,6,106619,2019-09-21
630,Employee_630,2,49816,2019-09-22
631,Employee_631,3,72240,2019-09-23
632,Employee_632,5,36276,2019-09-24
633,Employee_633,9,109530,2019-09-25
634,Employee_634,2,53499,2019-09-26
635,Employee_635,10,118576,2019-09-27
636,Employee_636,8,112495,2019-09-28
637,Employee_637,2,101635,2019-09-29
638,Employee_638,5,115112,2019-09-30
639,Employee_639,7,65946,2019-10-01
640,Employee_640,8,85204,2019-10-02
641,Employee_641,1,81886,2019-10-03
642,Employee_642,6,101652,2019-10-04
643,Employee_643,1,45563,2019-10-05
644,Employee_644,2,39847,2019-10-06
645,Employee_645,1,56155,2019-10-07
646,Employee_646,5,109671,2019-10-08
647,Employee_647,10,113310,2019-10-09
648,Employee_648,9,97278,2019-10-10
649,Employee_649,6,48309,2019-10-11
650,Employee_650,1,30619,2019-10-12
651,Employee_651,1,113194,2019-10-13
652,Employee_652,2,80108,2019-10-14
653,Employee_653,9,64707,2019-10-15
654,Employee_654,3,50337,2019-10-16
655,Employee_655,1,111537,2019-10-17
656,Employee_656,5,96504,2019-10-18
657,Employee_657,7,77614,2019-10-19
658,Employee_658,6,30281,2019-10-20
659,Employee_659,1,57420,2019-10-21
660,Employee_660,5,110896,2019-10-22
661,Employee_661,5,69030,2019-10-23
662,Employee_662,6,31058,2019-10-24
663,Employee_663,3,116213,2019-10-25
664,Employee_664,5,106260,2019-10-26
665,Employee_665,7,58404,2019-10-27
666,Employee_666,5,59856,2019-10-28
667,Employee_667,5,39200,2019-10-29
668,Employee_668,5,94178,2019-10-30
669,Employee_669,10,63997,2019-10-31
670,Employee_670,10,55611,2019-11-01
671,Employee_671,3,71235,2019-11-02
672,Employee_672,1,65057,2019-11-03
673,Employee_673,5,31239,2019-11-04
674,Employee_674,9,95661,2019-11-05
675,Employee_675,1,75272,2019-11-06
676,Employee_676,3,119393,2019-11-07
677,Employee_677,4,91212,2019-11-08
678,Employee_678,1,45398,2019-11-09
679,Employee_679,1,86503,2019-11-10
680,Employee_680,8,36638,2019-11-11
681,Employee_681,2,36570,2019-11-12
682,Employee_682,8,98785,2019-11-13
683,Employee_683,7,39110,2019-11-14
684,Employee_684,10,109141,2019-11-15
685,Employee_685,10,42115,2019-11-16
686,Employee_686,2,69062,2019-11-17
687,Employee_687,6,52911,2019-11-18
688,Employee_688,6,62556,2019-11-19
689,Employee_689,3,108131,2019-11-20
690,Employee_690,2,31969,2019-11-21
691,Employee_691,1,73753,2019-11-22
692,Employee_692,6,112811,2019-11-23
693,Employee_693,5,34470,2019-11-24
694,Employee_694,9,40225,2019-11-25
695,Employee_695,1,53196,2019-11-26
696,Employee_696,7,43669,2019-11-27
697,Employee_697,5,67380,2019-11-28
698,Employee_698,5,78320,2019-11-29
699,Employee_699,2,77414,2019-11-30
700,Employee_700,3,45577,2019-12-01
701,Employee_701,7,118009,2019-12-02
702,Employee_702,6,85409,2019-12-03
703,Employee_703,2,58625,2019-12-04
704,Employee_704,6,111040,2019-12-05
705,Employee_705,2,54089,2019-12-06
706,Employee_706,2,66487,2019-12-07
707,Employee_707,2,95838,2019-12-08
708,Employee_708,3,80138,2019-12-09
709,Employee_709,2,72823,2019-12-10
710,Employee_710,4,67208,2019-12-11
711,Employee_711,9,84061,2019-12-12
712,Employee_712,6,60659,2019-12-13
713,Employee_713,1,61890,2019-12-14
714,Employee_714,8,109134,2019-12-15
715,Employee_715,7,77055,2019-12-16
716,Employee_716,10,49508,2019-12-17
717,Employee_717,3,72287,2019-12-18
718,Employee_718,1,108916,2019-12-19
719,Employee_719,5,56984,2019-12-20
720,Employee_720,4,38125,2019-12-21
721,Employee_721,10,66059,2019-12-22
722,Employee_722,8,99569,2019-12-23
723,Employee_723,1,47087,2019-12-24
724,Employee_724,10,35704,2019-12-25
725,Employee_725,1,90576,2019-12-26
726,Employee_726,4,103384,2019-12-27
727,Employee_727,8,117128,2019-12-28
728,Employee_728,5,102460,2019-12-29
729,Employee_729,2,57208,2019-12-30
730,Employee_730,6,115150,2019-12-31
731,Employee_731,5,96024,2020-01-01
732,Employee_732,2,69882,2020-01-02
733,Employee_733,3,55923,2020-01-03
734,Employee_734,9,59165,2020-01-04
735,Employee_735,7,97203,2020-01-05
736,Employee_736,7,34114,2020-01-06
737,Employee_737,6,94965,2020-01-07
738,Employee_738,8,66321,2020-01-08
739,Employee_739,4,103297,2020-01-09
740,Employee_740,8,55426,2020-01-10
741,Employee_741,4,47772,2020-01-11
742,Employee_742,8,33712,2020-01-12
743,Employee_743,9,31367,2020-01-13
744,Employee_744,3,81924,2020-01-14
745,Employee_745,3,33726,2020-01-15
746,Employee_746,2,119152,2020-01-16
747,Employee_747,10,57723,2020-01-17
748,Employee_748,3,39108,2020-01-18
749,Employee_749,3,107714,2020-01-19
750,Employee_750,5,65643,2020-01-20
751,Employee_751,5,61324,2020-01-21
752,Employee_752,2,113360,2020-01-22
753,Employee_753,10,38927,2020-01-23
754,Employee_754,6,52443,2020-01-24
755,Employee_755,5,109973,2020-01-25
756,Employee_756,6,93449,2020-01-26
757,Employee_757,1,106743,2020-01-27
758,Employee_758,5,90233,2020-01-28
759,Employee_759,9,55537,2020-01-29
760,Employee_760,10,107576,2020-01-30
761,Employee_761,2,52612,2020-01-31
762,Employee_762,1,36471,2020-02-01
763,Employee_763,10,65631,2020-02-02
764,Employee_764,9,61348,2020-02-03
765,Employee_765,10,94732,2020-02-04
766,Employee_766,9,31177,2020-02-05
767,Employee_767,9,34760,2020-02-06
768,Employee_768,6,62779,2020-02-07
769,Employee_769,8,51636,2020-02-08
770,Employee_770,1,111889,2020-02-09
771,Employee_771,10,83551,2020-02-10
772,Employee_772,4,41556,2020-02-11
773,Employee_773,1,57598,2020-02-12
774,Employee_774,8,41563,2020-02-13
775,Employee_775,1,76819,2020-02-14
776,Employee_776,3,103770,2020-02-15
777,Employee_777,4,56966,2020-02-16
778,Employee_778,8,111709,2020-02-17
779,Employee_779,6,89889,2020-02-18
780,Employee_780,10,56987,2020-02-19
781,Employee_781,7,108714,2020-02-20
782,Employee_782,8,88348,2020-02-21
783,Employee_783,2,54596,2020-02-22
784,Employee_784,10,63174,2020-02-23
785,Employee_785,8,94106,2020-02-24
786,Employee_786,3,99967,2020-02-25
787,Employee_787,7,89182,2020-02-26
788,Employee_788,3,117163,2020-02-27
789,Employee_789,7,69310,2020-02-28
790,Employee_790,2,86088,2020-02-29
791,Employee_791,10,38906,2020-03-01
792,Employee_792,6,66914,2020-03-02
793,Employee_793,3,75379,2020-03-03
794,Employee_794,3,108612,2020-03-04
795,Employee_795,9,67650,2020-03-05
796,Employee_796,7,76881,2020-03-06
797,Employee_797,5,76413,2020-03-07
798,Employee_798,10,36012,2020-03-08
799,Employee_799,7,80115,2020-03-09
800,Employee_800,9,37151,2020-03-10
801,Employee_801,1,87716,2020-03-11
802,Employee_802,7,66378,2020-03-12
803,Employee_803,6,72652,2020-03-13
804,Employee_804,10,102430,2020-03-14
805,Employee_805,9,43467,2020-03-15
806,Employee_806,1,61010,2020-03-16
807,Employee_807,4,84691,2020-03-17
808,Employee_808,9,94157,2020-03-18
809,Employee_809,4,42289,2020-03-19
810,Employee_810,10,74976,2020-03-20
811,Employee_811,3,73596,2020-03-21
812,Employee_812,9,53171,2020-03-22
813,Employee_813,2,116365,2020-03-23
814,Employee_814,4,74139,2020-03-24
815,Employee_815,6,78713,2020-03-25
816,Employee_816,2,59734,2020-03-26
817,Employee_817,8,102588,2020-03-27
818,Employee_818,8,93646,2020-03-28
819,Employee_819,1,33654,2020-03-29
820,Employee_820,3,119022,2020-03-30
821,Employee_821,10,48743,2020-03-31
822,Employee_822,9,78368,2020-04-01
823,Employee_823,5,104172,2020-04-02
824,Employee_824,6,36441,2020-04-03
825,Employee_825,4,54611,2020-04-04
826,Employee_826,10,42149,2020-04-05
827,Employee_827,2,89189,2020-04-06
828,Employee_828,8,51675,2020-04-07
829,Employee_829,6,101031,2020-04-08
830,Employee_830,5,72668,2020-04-09
831,Employee_831,9,43673,2020-04-10
832,Employee_832,1,106666,2020-04-11
833,Employee_833,5,118204,2020-04-12
834,Employee_834,6,110758,2020-04-13
835,Employee_835,5,95429,2020-04-14
836,Employee_836,6,53669,2020-04-15
837,Employee_837,6,64068,2020-04-16
838,Employee_838,7,118789,2020-04-17
839,Employee_839,4,39435,2020-04-18
840,Employee_840,8,82249,2020-04-19
841,Employee_841,7,67384,2020-04-20
842,Employee_842,9,111929,2020-04-21
843,Employee_843,7,106153,2020-04-22
844,Employee_844,3,105388,2020-04-23
845,Employee_845,3,61401,2020-04-24
846,Employee_846,8,101831,2020-04-25
847,Employee_847,5,64084,2020-04-26
848,Employee_848,4,85826,2020-04-27
849,Employee_849,8,66451,2020-04-28
850,Employee_850,6,37227,2020-04-29
851,Employee_851,2,61910,2020-04-30
852,Employee_852,4,66041,2020-05-01
853,Employee_853,4,118920,2020-05-02
854,Employee_854,6,95681,2020-05-03
855,Employee_855,6,111571,2020-05-04
856,Employee_856,1,95481,2020-05-05
857,Employee_857,8,98576,2020-05-06
858,Employee_858,6,94174,2020-05-07
859,Employee_859,3,56160,2020-05-08
860,Employee_860,9,47633,2020-05-09
861,Employee_861,2,47014,2020-05-10
862,Employee_862,8,110532,2020-05-11
863,Employee_863,10,79104,2020-05-12
864,Employee_864,3,71621,2020-05-13
865,Employee_865,5,107231,2020-05-14
866,Employee_866,6,98388,2020-05-15
867,Employee_867,10,46014,2020-05-16
868,Employee_868,6,63755,2020-05-17
869,Employee_869,4,70390,2020-05-18
870,Employee_870,3,53711,2020-05-19
871,Employee_871,4,87993,2020-05-20
872,Employee_872,1,104696,2020-05-21
873,Employee_873,4,57213,2020-05-22
874,Employee_874,1,87784,2020-05-23
875,Employee_875,1,37421,2020-05-24
876,Employee_876,10,116936,2020-05-25
877,Employee_877,6,47727,2020-05-26
878,Employee_878,5,34358,2020-05-27
879,Employee_879,4,95108,2020-05-28
880,Employee_880,3,62117,2020-05-29
881,Employee_881,1,118700,2020-05-30
882,Employee_882,6,61910,2020-05-31
883,Employee_883,2,85754,2020-06-01
884,Employee_884,8,92438,2020-06-02
885,Employee_885,10,59371,2020-06-03
886,Employee_886,5,81501,2020-06-04
887,Employee_887,7,90946,2020-06-05
888,Employee_888,10,68467,2020-06-06
889,Employee_889,2,47625,2020-06-07
890,Employee_890,8,63893,2020-06-08
891,Employee_891,2,106329,2020-06-09
892,Employee_892,4,61007,2020-06-10
893,Employee_893,1,69532,2020-06-11
894,Employee_894,5,84253,2020-06-12
895,Employee_895,9,42323,2020-06-13
896,Employee_896,1,103379,2020-06-14
897,Employee_897,9,44210,2020-06-15
898,Employee_898,8,46456,2020-06-16
899,Employee_899,6,61367,2020-06-17
900,Employee_900,7,84624,2020-06-18
901,Employee_901,3,40106,2020-06-19
902,Employee_902,1,98008,2020-06-20
903,Employee_903,5,102240,2020-06-21
904,Employee_904,2,94315,2020-06-22
905,Employee_905,5,99249,2020-06-23
906,Employee_906,8,100587,2020-06-24
907,Employee_907,9,40756,2020-06-25
908,Employee_908,2,98011,2020-06-26
909,Employee_909,3,66378,2020-06-27
910,Employee_910,3,34255,2020-06-28
911,Employee_911,1,44484,2020-06-29
912,Employee_912,8,86549,2020-06-30
913,Employee_913,6,64503,2020-07-01
914,Employee_914,8,103794,2020-07-02
915,Employee_915,9,75113,2020-07-03
916,Employee_916,5,104069,2020-07-04
917,Employee_917,3,35249,2020-07-05
918,Employee_918,5,49201,2020-07-06
919,Employee_919,5,88576,2020-07-07
920,Employee_920,5,39686,2020-07-08
921,Employee_921,3,83363,2020-07-09
922,Employee_922,10,30661,2020-07-10
923,Employee_923,4,74843,2020-07-11
924,Employee_924,9,90963,2020-07-12
925,Employee_925,10,72828,2020-07-13
926,Employee_926,9,78604,2020-07-14
927,Employee_927,2,40526,2020-07-15
928,Employee_928,8,98910,2020-07-16
929,Employee_929,8,55592,2020-07-17
930,Employee_930,7,58982,2020-07-18
931,Employee_931,8,30207,2020-07-19
932,Employee_932,3,118733,2020-07-20
933,Employee_933,6,98619,2020-07-21
934,Employee_934,1,59328,2020-07-22
935,Employee_935,7,76479,2020-07-23
936,Employee_936,1,50103,2020-07-24
937,Employee_937,9,69891,2020-07-25
938,Employee_938,1,40754,2020-07-26
939,Employee_939,1,111437,2020-07-27
940,Employee_940,7,102982,2020-07-28
941,Employee_941,2,85922,2020-07-29
942,Employee_942,5,78231,2020-07-30
943,Employee_943,8,59301,2020-07-31
944,Employee_944,8,92711,2020-08-01
945,Employee_945,3,71323,2020-08-02
946,Employee_946,7,48752,2020-08-03
947,Employee_947,3,112205,2020-08-04
948,Employee_948,6,43395,2020-08-05
949,Employee_949,6,115957,2020-08-06
950,Employee_950,3,86273,2020-08-07
951,Employee_951,7,34895,2020-08-08
952,Employee_952,3,106559,2020-08-09
953,Employee_953,8,40699,2020-08-10
954,Employee_954,10,95061,2020-08-11
955,Employee_955,4,39715,2020-08-12
956,Employee_956,1,49169,2020-08-13
957,Employee_957,4,46163,2020-08-14
958,Employee_958,7,35782,2020-08-15
959,Employee_959,4,118177,2020-08-16
960,Employee_960,6,114328,2020-08-17
961,Employee_961,9,65585,2020-08-18
962,Employee_962,1,60682,2020-08-19
963,Employee_963,5,77864,2020-08-20
964,Employee_964,7,114416,2020-08-21
965,Employee_965,1,85114,2020-08-22
966,Employee_966,4,68067,2020-08-23
967,Employee_967,6,72685,2020-08-24
968,Employee_968,2,48073,2020-08-25
969,Employee_969,10,66035,2020-08-26
970,Employee_970,5,94977,2020-08-27
971,Employee_971,10,113362,2020-08-28
972,Employee_972,1,95450,2020-08-29
973,Employee_973,6,40382,2020-08-30
974,Employee_974,6,34437,2020-08-31
975,Employee_975,4,100971,2020-09-01
976,Employee_976,8,94612,2020-09-02
977,Employee_977,4,91929,2020-09-03
978,Employee_978,8,42329,2020-09-04
979,Employee_979,8,55169,2020-09-05
980,Employee_980,5,117468,2020-09-06
981,Employee_981,4,64594,2020-09-07
982,Employee_982,2,106957,2020-09-08
983,Employee_983,3,90631,2020-09-09
984,Employee_984,3,75033,2020-09-10
985,Employee_985,4,93133,2020-09-11
986,Employee_986,4,103165,2020-09-12
987,Employee_987,10,103861,2020-09-13
988,Employee_988,5,82290,2020-09-14
989,Employee_989,4,61750,2020-09-15
990,Employee_990,10,70461,2020-09-16
991,Employee_991,8,103800,2020-09-17
992,Employee_992,6,108222,2020-09-18
993,Employee_993,6,54226,2020-09-19
994,Employee_994,8,36721,2020-09-20
995,Employee_995,7,86154,2020-09-21
996,Employee_996,10,50609,2020-09-22
997,Employee_997,10,82130,2020-09-23
998,Employee_998,8,102909,2020-09-24
999,Employee_999,2,85249,2020-09-25
1000,Employee_1000,9,78895,2020-09-26
1001,Employee_1001,1,35656,2020-09-27
1002,Employee_1002,8,104520,2020-09-28
1003,Employee_1003,4,93740,2020-09-29
1004,Employee_1004,4,94309,2020-09-30
1005,Employee_1005,5,59984,2020-10-01
1006,Employee_1006,8,103822,2020-10-02
1007,Employee_1007,5,35901,2020-10-03
1008,Employee_1008,8,61552,2020-10-04
1009,Employee_1009,10,61055,2020-10-05
1010,Employee_1010,1,67685,2020-10-06
1011,Employee_1011,10,103965,2020-10-07
1012,Employee_1012,9,44716,2020-10-08
1013,Employee_1013,6,41138,2020-10-09
1014,Employee_1014,3,65298,2020-10-10
1015,Employee_1015,8,81112,2020-10-11
1016,Employee_1016,9,53429,2020-10-12
1017,Employee_1017,6,80200,2020-10-13
1018,Employee_1018,7,101308,2020-10-14
1019,Employee_1019,1,78244,2020-10-15
1020,Employee_1020,5,47347,2020-10-16
1021,Employee_1021,5,46920,2020-10-17
1022,Employee_1022,10,61822,2020-10-18
1023,Employee_1023,4,76659,2020-10-19
1024,Employee_1024,6,70108,2020-10-20
1025,Employee_1025,7,119099,2020-10-21
1026,Employee_1026,9,37967,2020-10-22
1027,Employee_1027,1,41871,2020-10-23
1028,Employee_1028,6,107452,2020-10-24
1029,Employee_1029,7,104270,2020-10-25
1030,Employee_1030,3,63613,2020-10-26
1031,Employee_1031,8,58179,2020-10-27
1032,Employee_1032,5,82188,2020-10-28
1033,Employee_1033,9,85099,2020-10-29
1034,Employee_1034,5,65262,2020-10-30
1035,Employee_1035,9,108213,2020-10-31
1036,Employee_1036,10,48268,2020-11-01
1037,Employee_1037,4,107866,2020-11-02
1038,Employee_1038,9,116269,2020-11-03
1039,Employee_1039,5,90545,2020-11-04
1040,Employee_1040,10,102146,2020-11-05
1041,Employee_1041,9,101966,2020-11-06
1042,Employee_1042,3,69922,2020-11-07
1043,Employee_1043,4,109364,2020-11-08
1044,Employee_1044,9,72913,2020-11-09
1045,Employee_1045,10,85677,2020-11-10
1046,Employee_1046,6,79841,2020-11-11
1047,Employee_1047,2,76332,2020-11-12
1048,Employee_1048,7,55032,2020-11-13
1049,Employee_1049,2,67846,2020-11-14
1050,Employee_1050,2,89474,2020-11-15
1051,Employee_1051,1,74936,2020-11-16
1052,Employee_1052,3,59794,2020-11-17
1053,Employee_1053,6,91588,2020-11-18
1054,Employee_1054,8,100984,2020-11-19
1055,Employee_1055,9,80331,2020-11-20
1056,Employee_1056,7,58141,2020-11-21
1057,Employee_1057,4,39074,2020-11-22
1058,Employee_1058,6,36406,2020-11-23
1059,Employee_1059,5,53291,2020-11-24
1060,Employee_1060,8,71568,2020-11-25
1061,Employee_1061,1,76851,2020-11-26
1062,Employee_1062,1,84823,2020-11-27
1063,Employee_1063,6,53312,2020-11-28
1064,Employee_1064,10,73108,2020-11-29
1065,Employee_1065,2,96918,2020-11-30
1066,Employee_1066,5,64171,2020-12-01
1067,Employee_1067,1,71779,2020-12-02
1068,Employee_1068,7,98828,2020-12-03
1069,Employee_1069,1,42411,2020-12-04
1070,Employee_1070,4,87009,2020-12-05
1071,Employee_1071,9,45422,2020-12-06
1072,Employee_1072,1,72468,2020-12-07
1073,Employee_1073,4,62371,2020-12-08
1074,Employee_1074,6,87022,2020-12-09
1075,Employee_1075,6,101229,2020-12-10
1076,Employee_1076,8,81196,2020-12-11
1077,Employee_1077,1,110354,2020-12-12
1078,Employee_1078,7,56715,2020-12-13
1079,Employee_1079,1,57605,2020-12-14
1080,Employee_1080,7,61174,2020-12-15
1081,Employee_1081,3,39956,2020-12-16
1082,Employee_1082,8,106373,2020-12-17
1083,Employee_1083,3,99252,2020-12-18
1084,Employee_1084,1,91949,2020-12-19
1085,Employee_1085,8,92646,2020-12-20
1086,Employee_1086,3,100017,2020-12-21
1087,Employee_1087,2,93037,2020-12-22
1088,Employee_1088,1,119818,2020-12-23
1089,Employee_1089,3,36548,2020-12-24
1090,Employee_1090,2,103294,2020-12-25
1091,Employee_1091,2,53177,2020-12-26
1092,Employee_1092,6,54022,2020-12-27
1093,Employee_1093,1,35542,2020-12-28
1094,Employee_1094,2,90428,2020-12-29
1095,Employee_1095,6,52740,2020-12-30
1096,Employee_1096,3,89353,2020-12-31
1097,Employee_1097,4,86532,2021-01-01
1098,Employee_1098,1,46052,2021-01-02
1099,Employee_1099,8,77076,2021-01-03
1100,Employee_1100,7,83420,2021-01-04
1101,Employee_1101,7,30671,2021-01-05
1102,Employee_1102,3,30163,2021-01-06
1103,Employee_1103,10,71424,2021-01-07
1104,Employee_1104,10,83744,2021-01-08
1105,Employee_1105,3,100331,2021-01-09
1106,Employee_1106,2,40634,2021-01-10
1107,Employee_1107,1,34798,2021-01-11
1108,Employee_1108,7,52420,2021-01-12
1109,Employee_1109,7,59300,2021-01-13
1110,Employee_1110,2,119881,2021-01-14
1111,Employee_1111,7,40749,2021-01-15
1112,Employee_1112,8,55121,2021-01-16
1113,Employee_1113,1,67487,2021-01-17
1114,Employee_1114,9,63361,2021-01-18
1115,Employee_1115,7,51223,2021-01-19
1116,Employee_1116,3,102930,2021-01-20
1117,Employee_1117,8,44056,2021-01-21
1118,Employee_1118,7,58380,2021-01-22
1119,Employee_1119,8,56035,2021-01-23
1120,Employee_1120,6,60620,2021-01-24
1121,Employee_1121,9,49877,2021-01-25
1122,Employee_1122,5,85316,2021-01-26
1123,Employee_1123,3,94041,2021-01-27
1124,Employee_1124,3,83352,2021-01-28
1125,Employee_1125,1,60911,2021-01-29
1126,Employee_1126,8,62784,2021-01-30
1127,Employee_1127,2,33191,2021-01-31
1128,Employee_1128,3,63160,2021-02-01
1129,Employee_1129,8,94641,2021-02-02
1130,Employee_1130,8,79723,2021-02-03
1131,Employee_1131,4,33631,2021-02-04
1132,Employee_1132,4,36172,2021-02-05
1133,Employee_1133,5,72080,2021-02-06
1134,Employee_1134,6,119097,2021-02-07
1135,Employee_1135,5,50281,2021-02-08
1136,Employee_1136,7,58671,2021-02-09
1137,Employee_1137,2,81431,2021-02-10
1138,Employee_1138,7,58602,2021-02-11
1139,Employee_1139,10,118789,2021-02-12
1140,Employee_1140,7,81399,2021-02-13
1141,Employee_1141,1,53472,2021-02-14
1142,Employee_1142,7,79230,2021-02-15
1143,Employee_1143,5,103616,2021-02-16
1144,Employee_1144,3,37099,2021-02-17
1145,Employee_1145,3,55431,2021-02-18
1146,Employee_1146,4,86492,2021-02-19
1147,Employee_1147,2,77684,2021-02-20
1148,Employee_1148,2,60111,2021-02-21
1149,Employee_1149,1,93936,2021-02-22
1150,Employee_1150,5,52614,2021-02-23
1151,Employee_1151,4,71991,2021-02-24
1152,Employee_1152,10,100476,2021-02-25
1153,Employee_1153,2,90920,2021-02-26
1154,Employee_1154,3,93530,2021-02-27
1155,Employee_1155,7,66224,2021-02-28
1156,Employee_1156,7,37788,2021-03-01
1157,Employee_1157,4,58082,2021-03-02
1158,Employee_1158,5,119570,2021-03-03
1159,Employee_1159,5,106816,2021-03-04
1160,Employee_1160,6,113588,2021-03-05
1161,Employee_1161,9,46531,2021-03-06
1162,Employee_1162,2,118340,2021-03-07
1163,Employee_1163,5,74857,2021-03-08
1164,Employee_1164,3,40142,2021-03-09
1165,Employee_1165,4,78355,2021-03-10
1166,Employee_1166,10,39866,2021-03-11
1167,Employee_1167,6,100067,2021-03-12
1168,Employee_1168,8,94027,2021-03-13
1169,Employee_1169,1,87906,2021-03-14
1170,Employee_1170,10,58138,2021-03-15
1171,Employee_1171,8,59956,2021-03-16
1172,Employee_1172,7,106295,2021-03-17
1173,Employee_1173,1,35439,2021-03-18
1174,Employee_1174,2,77241,2021-03-19
1175,Employee_1175,3,72533,2021-03-20
1176,Employee_1176,1,58270,2021-03-21
1177,Employee_1177,9,108815,2021-03-22
1178,Employee_1178,8,69279,2021-03-23
1179,Employee_1179,2,53888,2021-03-24
1180,Employee_1180,9,47630,2021-03-25
1181,Employee_1181,7,91063,2021-03-26
1182,Employee_1182,9,65144,2021-03-27
1183,Employee_1183,6,82161,2021-03-28
1184,Employee_1184,6,107360,2021-03-29
1185,Employee_1185,4,80979,2021-03-30
1186,Employee_1186,10,36979,2021-03-31
1187,Employee_1187,10,56189,2021-04-01
1188,Employee_1188,2,72600,2021-04-02
1189,Employee_1189,7,89560,2021-04-03
1190,Employee_1190,5,108040,2021-04-04
1191,Employee_1191,6,91558,2021-04-05
1192,Employee_1192,2,116205,2021-04-06
1193,Employee_1193,5,36910,2021-04-07
1194,Employee_1194,10,87713,2021-04-08
1195,Employee_1195,4,76857,2021-04-09
1196,Employee_1196,9,64964,2021-04-10
1197,Employee_1197,6,115667,2021-04-11
1198,Employee_1198,2,55227,2021-04-12
1199,Employee_1199,1,35978,2021-04-13
1200,Employee_1200,5,117527,2021-04-14
